"card_id","card_name","card_type","card_color","mana_cost","rarity","price","set_name","image_url","thumbnail_url"
"0321b706-87b0-4bea-89d3-ec2e7252dc7c","A-Ancestral Katana","Artifact — Equipment","W","{1}{W}","common",-1.0,"Kamigawa: Neon Dynasty","https://cards.scryfall.io/large/front/0/3/0321b706-87b0-4bea-89d3-ec2e7252dc7c.jpg?1681158265","https://cards.scryfall.io/art_crop/front/0/3/0321b706-87b0-4bea-89d3-ec2e7252dc7c.jpg?1681158265"
"0727043a-3121-4055-9cbe-86dced26ed31","Serendib Efreet","Creature — Efreet","U","{2}{U}","rare",0.06,"The List","https://cards.scryfall.io/large/front/0/7/0727043a-3121-4055-9cbe-86dced26ed31.jpg?1573508329","https://cards.scryfall.io/art_crop/front/0/7/0727043a-3121-4055-9cbe-86dced26ed31.jpg?1573508329"
"0743a840-d129-4d30-85dc-6fda3e0dac5c","Augury Owl","Creature — Bird","U","{1}{U}","common",0.21,"The List","https://cards.scryfall.io/large/front/0/7/0743a840-d129-4d30-85dc-6fda3e0dac5c.jpg?1573506903","https://cards.scryfall.io/art_crop/front/0/7/0743a840-d129-4d30-85dc-6fda3e0dac5c.jpg?1573506903"
"07956edf-34c1-4218-9784-ddbca13e380c","Playful Shove","Sorcery","R","{1}{R}","uncommon",0.1,"Bloomburrow","https://cards.scryfall.io/large/front/0/7/07956edf-34c1-4218-9784-ddbca13e380c.jpg?1721426672","https://cards.scryfall.io/art_crop/front/0/7/07956edf-34c1-4218-9784-ddbca13e380c.jpg?1721426672"
"08f79439-b8f8-418f-9772-26d81844749e","Enduring Innocence","Enchantment Creature — Sheep Glimmer","W","{1}{W}{W}","rare",6.58,"Duskmourn: House of Horror","https://cards.scryfall.io/large/front/0/8/08f79439-b8f8-418f-9772-26d81844749e.jpg?1726285879","https://cards.scryfall.io/art_crop/front/0/8/08f79439-b8f8-418f-9772-26d81844749e.jpg?1726285879"
"0b8c7302-a5ae-484e-8ba5-397ffeb3b19c","Gargoyle Flock","Creature — Tyranid Gargoyle","GU","{2}{G}{U}","rare",0.13,"Warhammer 40,000 Commander","https://cards.scryfall.io/large/front/0/b/0b8c7302-a5ae-484e-8ba5-397ffeb3b19c.jpg?1674174528","https://cards.scryfall.io/art_crop/front/0/b/0b8c7302-a5ae-484e-8ba5-397ffeb3b19c.jpg?1674174528"
"0be27d8d-b36a-4c3c-b129-fccc4aa8a17f","Terminate","Instant","BR","{B}{R}","uncommon",0.53,"New Capenna Commander","https://cards.scryfall.io/large/front/0/b/0be27d8d-b36a-4c3c-b129-fccc4aa8a17f.jpg?1673485194","https://cards.scryfall.io/art_crop/front/0/b/0be27d8d-b36a-4c3c-b129-fccc4aa8a17f.jpg?1673485194"
"0c42fded-49e8-4c69-8ade-ba5e76e44b45","Minions' Murmurs","Sorcery","B","{2}{B}{B}","uncommon",0.17,"Time Spiral Remastered","https://cards.scryfall.io/large/front/0/c/0c42fded-49e8-4c69-8ade-ba5e76e44b45.jpg?1619395708","https://cards.scryfall.io/art_crop/front/0/c/0c42fded-49e8-4c69-8ade-ba5e76e44b45.jpg?1619395708"
"0c44599f-f788-43fa-ace3-a521f15256ad","Leshrac's Rite","Enchantment — Aura","B","{B}","uncommon",0.18,"Classic Sixth Edition","https://cards.scryfall.io/large/front/0/c/0c44599f-f788-43fa-ace3-a521f15256ad.jpg?1562814515","https://cards.scryfall.io/art_crop/front/0/c/0c44599f-f788-43fa-ace3-a521f15256ad.jpg?1562814515"
"0c780e37-91b1-4fe1-85c9-7007d91209d5","A-Akki Ronin","Creature — Goblin Samurai","R","{R}","common",-1.0,"Kamigawa: Neon Dynasty","https://cards.scryfall.io/large/front/0/c/0c780e37-91b1-4fe1-85c9-7007d91209d5.jpg?1681158251","https://cards.scryfall.io/art_crop/front/0/c/0c780e37-91b1-4fe1-85c9-7007d91209d5.jpg?1681158251"
"10d0d310-66dd-4732-9eac-a253fe6b9a47","Rain of Daggers","Sorcery","B","{4}{B}{B}","rare",0.23,"The List","https://cards.scryfall.io/large/front/1/0/10d0d310-66dd-4732-9eac-a253fe6b9a47.jpg?1680826592","https://cards.scryfall.io/art_crop/front/1/0/10d0d310-66dd-4732-9eac-a253fe6b9a47.jpg?1680826592"
"11a5871b-377c-4e01-a655-490a0c40679b","Raff, Weatherlight Stalwart","Legendary Creature — Human Wizard","UW","{W}{U}","uncommon",-1.0,"Multiverse Legends","https://cards.scryfall.io/large/front/1/1/11a5871b-377c-4e01-a655-490a0c40679b.jpg?1682201618","https://cards.scryfall.io/art_crop/front/1/1/11a5871b-377c-4e01-a655-490a0c40679b.jpg?1682201618"
"16782095-0b7f-4489-8a97-b74f8efef352","Abundant Harvest","Sorcery","G","{G}","rare",0.22,"Strixhaven Mystical Archive","https://cards.scryfall.io/large/front/1/6/16782095-0b7f-4489-8a97-b74f8efef352.jpg?1662752631","https://cards.scryfall.io/art_crop/front/1/6/16782095-0b7f-4489-8a97-b74f8efef352.jpg?1662752631"
"176d625f-1410-4ad6-a279-9a184fac6507","Spatial Binding","Enchantment","BU","{U}{B}","uncommon",0.24,"Mirage","https://cards.scryfall.io/large/front/1/7/176d625f-1410-4ad6-a279-9a184fac6507.jpg?1562718295","https://cards.scryfall.io/art_crop/front/1/7/176d625f-1410-4ad6-a279-9a184fac6507.jpg?1562718295"
"1933e212-213f-461f-aeb5-4a86a4dae003","Soaring Lightbringer","Enchantment Creature — Bird Glimmer","W","{4}{W}","rare",0.72,"Duskmourn: House of Horror Commander","https://cards.scryfall.io/large/front/1/9/1933e212-213f-461f-aeb5-4a86a4dae003.jpg?1729502933","https://cards.scryfall.io/art_crop/front/1/9/1933e212-213f-461f-aeb5-4a86a4dae003.jpg?1729502933"
"1a67768a-6cd9-4163-b941-752f29c87a8d","Basking Rootwalla","Creature — Lizard","G","{G}","common",0.31,"Torment","https://cards.scryfall.io/large/front/1/a/1a67768a-6cd9-4163-b941-752f29c87a8d.jpg?1562628781","https://cards.scryfall.io/art_crop/front/1/a/1a67768a-6cd9-4163-b941-752f29c87a8d.jpg?1562628781"
"1fa981d3-4a41-4bf1-ba64-2cd7224a6059","Rite of the Dragoncaller","Enchantment","R","{4}{R}{R}","mythic",8.16,"Foundations","https://cards.scryfall.io/large/front/1/f/1fa981d3-4a41-4bf1-ba64-2cd7224a6059.jpg?1730489835","https://cards.scryfall.io/art_crop/front/1/f/1fa981d3-4a41-4bf1-ba64-2cd7224a6059.jpg?1730489835"
"209f7479-b3a0-4c27-9602-78babb8d2e99","Caverns of Despair","World Enchantment","R","{2}{R}{R}","rare",44.79,"Legends","https://cards.scryfall.io/large/front/2/0/209f7479-b3a0-4c27-9602-78babb8d2e99.jpg?1562857778","https://cards.scryfall.io/art_crop/front/2/0/209f7479-b3a0-4c27-9602-78babb8d2e99.jpg?1562857778"
"22c59e0b-5b78-4cf5-9c2a-92ccf833778f","Frenzied Raider","Creature — Demon Berserker","R","{1}{R}","uncommon",0.05,"Kaldheim","https://cards.scryfall.io/large/front/2/2/22c59e0b-5b78-4cf5-9c2a-92ccf833778f.jpg?1631049327","https://cards.scryfall.io/art_crop/front/2/2/22c59e0b-5b78-4cf5-9c2a-92ccf833778f.jpg?1631049327"
"2a83882c-3e03-4e85-aaac-97fa1d08a772","Aarakocra Sneak","Creature — Bird Rogue","U","{3}{U}","common",0.1,"Commander Legends: Battle for Baldur's Gate","https://cards.scryfall.io/large/front/2/a/2a83882c-3e03-4e85-aaac-97fa1d08a772.jpg?1722040128","https://cards.scryfall.io/art_crop/front/2/a/2a83882c-3e03-4e85-aaac-97fa1d08a772.jpg?1722040128"
"2c1392c5-91a5-4e6e-803d-ed032e4d594b","A Killer Among Us","Enchantment","G","{4}{G}","uncommon",0.04,"Murders at Karlov Manor","https://cards.scryfall.io/large/front/2/c/2c1392c5-91a5-4e6e-803d-ed032e4d594b.jpg?1706242059","https://cards.scryfall.io/art_crop/front/2/c/2c1392c5-91a5-4e6e-803d-ed032e4d594b.jpg?1706242059"
"2e6c52da-efc8-4279-b6b5-01e490bcb035","Soaring Show-Off","Creature — Bird Warrior","U","{2}{U}","common",0.08,"Battlebond","https://cards.scryfall.io/large/front/2/e/2e6c52da-efc8-4279-b6b5-01e490bcb035.jpg?1562904446","https://cards.scryfall.io/art_crop/front/2/e/2e6c52da-efc8-4279-b6b5-01e490bcb035.jpg?1562904446"
"32ae984e-5d1e-4497-9a71-7406f78c09f3","River's Rebuke","Sorcery","U","{4}{U}{U}","rare",0.31,"Foundations","https://cards.scryfall.io/large/front/3/2/32ae984e-5d1e-4497-9a71-7406f78c09f3.jpg?1730490856","https://cards.scryfall.io/art_crop/front/3/2/32ae984e-5d1e-4497-9a71-7406f78c09f3.jpg?1730490856"
"333406d5-abcc-4629-a33b-395d0662ba1b","Putrid Goblin","Creature — Zombie Goblin","B","{1}{B}","common",0.34,"Modern Horizons","https://cards.scryfall.io/large/front/3/3/333406d5-abcc-4629-a33b-395d0662ba1b.jpg?1562201696","https://cards.scryfall.io/art_crop/front/3/3/333406d5-abcc-4629-a33b-395d0662ba1b.jpg?1562201696"
"335c5756-c1ac-4251-af0b-e7354a91c28e","Clear the Mind","Sorcery","U","{2}{U}","common",0.18,"The List","https://cards.scryfall.io/large/front/3/3/335c5756-c1ac-4251-af0b-e7354a91c28e.jpg?1573507100","https://cards.scryfall.io/art_crop/front/3/3/335c5756-c1ac-4251-af0b-e7354a91c28e.jpg?1573507100"
"34f0f4cb-1ef6-44cd-8cca-1d1e138c0344","Time Warp","Sorcery","U","{3}{U}{U}","mythic",22.91,"Strixhaven Mystical Archive","https://cards.scryfall.io/large/front/3/4/34f0f4cb-1ef6-44cd-8cca-1d1e138c0344.jpg?1638112246","https://cards.scryfall.io/art_crop/front/3/4/34f0f4cb-1ef6-44cd-8cca-1d1e138c0344.jpg?1638112246"
"3507e128-f8a1-4429-951d-2dc98b225118","Timber Paladin","Artifact Creature — Knight","G","{1}{G}","rare",0.36,"Wilds of Eldraine Commander","https://cards.scryfall.io/large/front/3/5/3507e128-f8a1-4429-951d-2dc98b225118.jpg?1692934455","https://cards.scryfall.io/art_crop/front/3/5/3507e128-f8a1-4429-951d-2dc98b225118.jpg?1692934455"
"36eada9c-1e97-4b64-94fb-42b6bbc35c4a","Ambition's Cost","Sorcery","B","{3}{B}","uncommon",0.25,"Commander 2021","https://cards.scryfall.io/large/front/3/6/36eada9c-1e97-4b64-94fb-42b6bbc35c4a.jpg?1625976618","https://cards.scryfall.io/art_crop/front/3/6/36eada9c-1e97-4b64-94fb-42b6bbc35c4a.jpg?1625976618"
"38ce406d-8253-48f8-a146-8302518c5187","Barrowin of Clan Undurr","Legendary Creature — Dwarf Cleric","BW","{2}{W}{B}","uncommon",0.07,"Adventures in the Forgotten Realms","https://cards.scryfall.io/large/front/3/8/38ce406d-8253-48f8-a146-8302518c5187.jpg?1627712269","https://cards.scryfall.io/art_crop/front/3/8/38ce406d-8253-48f8-a146-8302518c5187.jpg?1627712269"
"3d367fee-514c-4995-95ad-a2a6b3c35270","Alesha's Vanguard","Creature — Orc Warrior","B","{3}{B}","common",0.03,"The List","https://cards.scryfall.io/large/front/3/d/3d367fee-514c-4995-95ad-a2a6b3c35270.jpg?1573508901","https://cards.scryfall.io/art_crop/front/3/d/3d367fee-514c-4995-95ad-a2a6b3c35270.jpg?1573508901"
"3e2160e9-14a0-4c75-b7b0-fb09051ddb32","Bloodcrazed Paladin","Creature — Vampire Knight","B","{1}{B}","rare",0.23,"Ixalan","https://cards.scryfall.io/large/front/3/e/3e2160e9-14a0-4c75-b7b0-fb09051ddb32.jpg?1562553984","https://cards.scryfall.io/art_crop/front/3/e/3e2160e9-14a0-4c75-b7b0-fb09051ddb32.jpg?1562553984"
"3ed0d87b-1ce8-452b-9558-fa1923407f16","Cataclysm","Sorcery","W","{2}{W}{W}","mythic",-1.0,"From the Vault: Annihilation","https://cards.scryfall.io/large/front/3/e/3ed0d87b-1ce8-452b-9558-fa1923407f16.jpg?1559618030","https://cards.scryfall.io/art_crop/front/3/e/3ed0d87b-1ce8-452b-9558-fa1923407f16.jpg?1559618030"
"401c4880-5598-44e6-a54b-6ea18e542a72","White Knight","Creature — Human Knight","W","{W}{W}","uncommon",0.14,"Magic 2010","https://cards.scryfall.io/large/front/4/0/401c4880-5598-44e6-a54b-6ea18e542a72.jpg?1561977700","https://cards.scryfall.io/art_crop/front/4/0/401c4880-5598-44e6-a54b-6ea18e542a72.jpg?1561977700"
"40b8bf3a-1cb5-4ce2-ac25-9410f17130de","Three Tree Mascot","Artifact Creature — Shapeshifter","Colorless","{2}","common",0.08,"Foundations","https://cards.scryfall.io/large/front/4/0/40b8bf3a-1cb5-4ce2-ac25-9410f17130de.jpg?1730491179","https://cards.scryfall.io/art_crop/front/4/0/40b8bf3a-1cb5-4ce2-ac25-9410f17130de.jpg?1730491179"
"41c2a75f-29bc-4ffd-a2db-d13f1d020a04","On Serra's Wings","Legendary Enchantment — Aura","W","{3}{W}","uncommon",0.13,"The List","https://cards.scryfall.io/large/front/4/1/41c2a75f-29bc-4ffd-a2db-d13f1d020a04.jpg?1723435715","https://cards.scryfall.io/art_crop/front/4/1/41c2a75f-29bc-4ffd-a2db-d13f1d020a04.jpg?1723435715"
"423f13ba-e165-4add-9935-d88503e1e761","A-Armory Veteran","Creature — Orc Warrior","R","{1}{R}","common",-1.0,"Adventures in the Forgotten Realms","https://cards.scryfall.io/large/front/4/2/423f13ba-e165-4add-9935-d88503e1e761.jpg?1681158270","https://cards.scryfall.io/art_crop/front/4/2/423f13ba-e165-4add-9935-d88503e1e761.jpg?1681158270"
"42aacf99-39d1-4299-8557-6cc10ce9e35f","Merfolk Pupil","Creature — Merfolk Wizard","U","{1}{U}","common",0.08,"Jumpstart 2022","https://cards.scryfall.io/large/front/4/2/42aacf99-39d1-4299-8557-6cc10ce9e35f.jpg?1675644479","https://cards.scryfall.io/art_crop/front/4/2/42aacf99-39d1-4299-8557-6cc10ce9e35f.jpg?1675644479"
"44a21b89-f540-4932-bb3d-c5c8d7abdda7","Blazing Archon","Creature — Archon","W","{6}{W}{W}{W}","rare",-1.0,"Ravnica Remastered","https://cards.scryfall.io/large/front/4/4/44a21b89-f540-4932-bb3d-c5c8d7abdda7.jpg?1705528067","https://cards.scryfall.io/art_crop/front/4/4/44a21b89-f540-4932-bb3d-c5c8d7abdda7.jpg?1705528067"
"45340647-4d3e-4be1-b0e6-e40cc56a438b","Felidar Retreat","Enchantment","W","{3}{W}","rare",3.11,"Zendikar Rising","https://cards.scryfall.io/large/front/4/5/45340647-4d3e-4be1-b0e6-e40cc56a438b.jpg?1604195832","https://cards.scryfall.io/art_crop/front/4/5/45340647-4d3e-4be1-b0e6-e40cc56a438b.jpg?1604195832"
"4624fff2-e78f-4c13-a444-7e50586cb0b3","Oxidda Golem","Artifact Creature — Golem","Colorless","{6}","common",0.15,"Darksteel","https://cards.scryfall.io/large/front/4/6/4624fff2-e78f-4c13-a444-7e50586cb0b3.jpg?1562636607","https://cards.scryfall.io/art_crop/front/4/6/4624fff2-e78f-4c13-a444-7e50586cb0b3.jpg?1562636607"
"469d96bc-331b-42a8-9938-93ecece2fb5f","Fury","Creature — Elemental Incarnation","R","{3}{R}{R}","mythic",3.72,"Special Guests","https://cards.scryfall.io/large/front/4/6/469d96bc-331b-42a8-9938-93ecece2fb5f.jpg?1729618861","https://cards.scryfall.io/art_crop/front/4/6/469d96bc-331b-42a8-9938-93ecece2fb5f.jpg?1729618861"
"47287f15-c480-4c93-8f04-10f57a089c2e","Dazzling Sphinx","Creature — Sphinx","U","{3}{U}{U}","rare",0.19,"Commander 2021","https://cards.scryfall.io/large/front/4/7/47287f15-c480-4c93-8f04-10f57a089c2e.jpg?1625191231","https://cards.scryfall.io/art_crop/front/4/7/47287f15-c480-4c93-8f04-10f57a089c2e.jpg?1625191231"
"47f82d84-03ad-42dd-80ce-f0ac5e353e46","Acrobatic Leap","Instant","W","{W}","common",0.03,"The Lost Caverns of Ixalan","https://cards.scryfall.io/large/front/4/7/47f82d84-03ad-42dd-80ce-f0ac5e353e46.jpg?1699043064","https://cards.scryfall.io/art_crop/front/4/7/47f82d84-03ad-42dd-80ce-f0ac5e353e46.jpg?1699043064"
"4cc198d8-1f27-482d-8f5d-21e02c59797a","Obzedat, Ghost Council","Legendary Creature — Spirit Advisor","BW","{1}{W}{W}{B}{B}","mythic",0.91,"Gatecrash","https://cards.scryfall.io/large/front/4/c/4cc198d8-1f27-482d-8f5d-21e02c59797a.jpg?1561826057","https://cards.scryfall.io/art_crop/front/4/c/4cc198d8-1f27-482d-8f5d-21e02c59797a.jpg?1561826057"
"4d51a22e-74fc-442e-945a-56d02ca12713","Sengir, the Dark Baron","Legendary Creature — Vampire Noble","B","{4}{B}{B}","rare",0.22,"Commander Legends","https://cards.scryfall.io/large/front/4/d/4d51a22e-74fc-442e-945a-56d02ca12713.jpg?1608909947","https://cards.scryfall.io/art_crop/front/4/d/4d51a22e-74fc-442e-945a-56d02ca12713.jpg?1608909947"
"4f635b35-48c8-43e8-9d74-c01d3c0c74e1","Loam Dweller","Creature — Spirit","G","{1}{G}","uncommon",0.23,"Betrayers of Kamigawa","https://cards.scryfall.io/large/front/4/f/4f635b35-48c8-43e8-9d74-c01d3c0c74e1.jpg?1562876957","https://cards.scryfall.io/art_crop/front/4/f/4f635b35-48c8-43e8-9d74-c01d3c0c74e1.jpg?1562876957"
"4fe22cd8-31e6-491b-bce2-db257668eb92","Aminatou, the Fateshifter","Legendary Planeswalker — Aminatou","BUW","{W}{U}{B}","mythic",11.71,"Secret Lair Drop","https://cards.scryfall.io/large/front/4/f/4fe22cd8-31e6-491b-bce2-db257668eb92.jpg?1699171154","https://cards.scryfall.io/art_crop/front/4/f/4fe22cd8-31e6-491b-bce2-db257668eb92.jpg?1699171154"
"51c523cd-78b0-438f-bba5-19160f648d5f","Tetsuo, Imperial Champion","Legendary Creature — Human Samurai","BRU","{U}{B}{R}","mythic",0.42,"Dominaria United Commander","https://cards.scryfall.io/large/front/5/1/51c523cd-78b0-438f-bba5-19160f648d5f.jpg?1673305006","https://cards.scryfall.io/art_crop/front/5/1/51c523cd-78b0-438f-bba5-19160f648d5f.jpg?1673305006"
"5333de10-a6d4-47ff-ab57-4edb49535739","Seacoast Drake","Creature — Drake","U","{1}{U}","common",0.09,"Magic 2014","https://cards.scryfall.io/large/front/5/3/5333de10-a6d4-47ff-ab57-4edb49535739.jpg?1562829282","https://cards.scryfall.io/art_crop/front/5/3/5333de10-a6d4-47ff-ab57-4edb49535739.jpg?1562829282"
"546686cb-4cb1-4107-bbf5-0af943236ad2","Hunt the Weak","Sorcery","G","{3}{G}","common",0.03,"Magic 2015","https://cards.scryfall.io/large/front/5/4/546686cb-4cb1-4107-bbf5-0af943236ad2.jpg?1562787114","https://cards.scryfall.io/art_crop/front/5/4/546686cb-4cb1-4107-bbf5-0af943236ad2.jpg?1562787114"
"5621db3f-a9e7-4350-9c6a-0ba04a628947","Palinchron","Creature — Illusion","U","{5}{U}{U}","rare",33.43,"Urza's Legacy","https://cards.scryfall.io/large/front/5/6/5621db3f-a9e7-4350-9c6a-0ba04a628947.jpg?1562863255","https://cards.scryfall.io/art_crop/front/5/6/5621db3f-a9e7-4350-9c6a-0ba04a628947.jpg?1562863255"
"56c1111a-9680-4d34-8cf7-af16ae508a72","Salt Road Ambushers","Creature — Dog Warrior","G","{3}{G}","uncommon",0.12,"Dragons of Tarkir","https://cards.scryfall.io/large/front/5/6/56c1111a-9680-4d34-8cf7-af16ae508a72.jpg?1562786532","https://cards.scryfall.io/art_crop/front/5/6/56c1111a-9680-4d34-8cf7-af16ae508a72.jpg?1562786532"
"58095f6b-d937-4871-b3af-5c6a1d9c04b3","Valor","Creature — Incarnation","W","{3}{W}","uncommon",0.28,"Judgment","https://cards.scryfall.io/large/front/5/8/58095f6b-d937-4871-b3af-5c6a1d9c04b3.jpg?1562629959","https://cards.scryfall.io/art_crop/front/5/8/58095f6b-d937-4871-b3af-5c6a1d9c04b3.jpg?1562629959"
"59fdc845-7165-40f3-a082-21a502b3f0f6","Glarewielder","Creature — Elemental Shaman","R","{4}{R}","uncommon",0.14,"Lorwyn","https://cards.scryfall.io/large/front/5/9/59fdc845-7165-40f3-a082-21a502b3f0f6.jpg?1562349503","https://cards.scryfall.io/art_crop/front/5/9/59fdc845-7165-40f3-a082-21a502b3f0f6.jpg?1562349503"
"5ae88c06-f28c-4fbc-a28c-5eb203a04722","Flash Flood","Instant","U","{U}","common",0.32,"Legends","https://cards.scryfall.io/large/front/5/a/5ae88c06-f28c-4fbc-a28c-5eb203a04722.jpg?1562859177","https://cards.scryfall.io/art_crop/front/5/a/5ae88c06-f28c-4fbc-a28c-5eb203a04722.jpg?1562859177"
"5e94685e-e8a0-46a5-83cf-41ccebed62cc","Danitha, New Benalia's Light","Legendary Creature — Human Knight","GW","{1}{G}{W}","rare",1.45,"March of the Machine: The Aftermath","https://cards.scryfall.io/large/front/5/e/5e94685e-e8a0-46a5-83cf-41ccebed62cc.jpg?1684341918","https://cards.scryfall.io/art_crop/front/5/e/5e94685e-e8a0-46a5-83cf-41ccebed62cc.jpg?1684341918"
"601127f6-f962-4745-912c-e246705d36b8","The Hive","Artifact","Colorless","{5}","rare",7.96,"Fourth Edition Foreign Black Border","https://cards.scryfall.io/large/front/6/0/601127f6-f962-4745-912c-e246705d36b8.jpg?1557433263","https://cards.scryfall.io/art_crop/front/6/0/601127f6-f962-4745-912c-e246705d36b8.jpg?1557433263"
"63b2dcb1-8c3e-434c-865a-196d4d799706","Dominate","Instant","U","{X}{1}{U}{U}","uncommon",0.38,"Nemesis","https://cards.scryfall.io/large/front/6/3/63b2dcb1-8c3e-434c-865a-196d4d799706.jpg?1562630260","https://cards.scryfall.io/art_crop/front/6/3/63b2dcb1-8c3e-434c-865a-196d4d799706.jpg?1562630260"
"63d0f909-9906-4ff7-9b10-9d817f20d8a9","Riot Spikes","Enchantment — Aura","BR","{B/R}","common",0.08,"Dissension","https://cards.scryfall.io/large/front/6/3/63d0f909-9906-4ff7-9b10-9d817f20d8a9.jpg?1593273890","https://cards.scryfall.io/art_crop/front/6/3/63d0f909-9906-4ff7-9b10-9d817f20d8a9.jpg?1593273890"
"64244678-708f-412a-b9b5-9f47ca05769d","Yargle, Glutton of Urborg","Legendary Creature — Frog Spirit","B","{4}{B}","uncommon",-1.0,"Multiverse Legends","https://cards.scryfall.io/large/front/6/4/64244678-708f-412a-b9b5-9f47ca05769d.jpg?1682484869","https://cards.scryfall.io/art_crop/front/6/4/64244678-708f-412a-b9b5-9f47ca05769d.jpg?1682484869"
"65721bc1-87fa-45b9-8b45-ee77c1aab6ac","Tenured Oilcaster","Creature — Phyrexian Wizard","B","{3}{B}","common",0.04,"March of the Machine","https://cards.scryfall.io/large/front/6/5/65721bc1-87fa-45b9-8b45-ee77c1aab6ac.jpg?1682203989","https://cards.scryfall.io/art_crop/front/6/5/65721bc1-87fa-45b9-8b45-ee77c1aab6ac.jpg?1682203989"
"6669d96e-9a7b-4427-a477-f4e76831f593","Goblin Artisans","Creature — Goblin Artificer","R","{R}","uncommon",2.69,"Antiquities","https://cards.scryfall.io/large/front/6/6/6669d96e-9a7b-4427-a477-f4e76831f593.jpg?1562916423","https://cards.scryfall.io/art_crop/front/6/6/6669d96e-9a7b-4427-a477-f4e76831f593.jpg?1562916423"
"6955b7fb-cdef-4fcf-98ff-fb4e2a331e0f","Dragon Whelp","Creature — Dragon","R","{2}{R}{R}","uncommon",0.08,"The List","https://cards.scryfall.io/large/front/6/9/6955b7fb-cdef-4fcf-98ff-fb4e2a331e0f.jpg?1573511518","https://cards.scryfall.io/art_crop/front/6/9/6955b7fb-cdef-4fcf-98ff-fb4e2a331e0f.jpg?1573511518"
"6bdbba38-b4c9-4c14-b869-669b39390e4e","Ironroot Treefolk","Creature — Treefolk","G","{4}{G}","common",0.1,"Fifth Edition","https://cards.scryfall.io/large/front/6/b/6bdbba38-b4c9-4c14-b869-669b39390e4e.jpg?1562591365","https://cards.scryfall.io/art_crop/front/6/b/6bdbba38-b4c9-4c14-b869-669b39390e4e.jpg?1562591365"
"6e2f138d-a39d-4bff-b334-9f556311881b","Fiery Gambit","Sorcery","R","{2}{R}","rare",-1.0,"The List","https://cards.scryfall.io/large/front/6/e/6e2f138d-a39d-4bff-b334-9f556311881b.jpg?1708928306","https://cards.scryfall.io/art_crop/front/6/e/6e2f138d-a39d-4bff-b334-9f556311881b.jpg?1708928306"
"6e8e2064-cc16-41a0-a833-9a5afae6e7b0","Daggerclaw Imp","Creature — Imp","B","{2}{B}","uncommon",0.1,"Duel Decks Anthology: Divine vs. Demonic","https://cards.scryfall.io/large/front/6/e/6e8e2064-cc16-41a0-a833-9a5afae6e7b0.jpg?1561771506","https://cards.scryfall.io/art_crop/front/6/e/6e8e2064-cc16-41a0-a833-9a5afae6e7b0.jpg?1561771506"
"6ef6e8f9-d6e3-46e0-8e5e-2fe7a7c7efbe","Ellyn Harbreeze, Busybody","Legendary Creature — Human Peasant","W","{3}{W}","uncommon",-1.0,"Commander Legends: Battle for Baldur's Gate","https://cards.scryfall.io/large/front/6/e/6ef6e8f9-d6e3-46e0-8e5e-2fe7a7c7efbe.jpg?1681412312","https://cards.scryfall.io/art_crop/front/6/e/6ef6e8f9-d6e3-46e0-8e5e-2fe7a7c7efbe.jpg?1681412312"
"6efe9126-15ba-468e-a15a-7f9cbb779cf6","Bloodspore Thrinax","Creature — Lizard","G","{2}{G}{G}","rare",0.18,"Commander Masters","https://cards.scryfall.io/large/front/6/e/6efe9126-15ba-468e-a15a-7f9cbb779cf6.jpg?1689998379","https://cards.scryfall.io/art_crop/front/6/e/6efe9126-15ba-468e-a15a-7f9cbb779cf6.jpg?1689998379"
"709bcbca-7238-4c31-8d9e-ec0d54d0b298","Accursed Horde","Creature — Zombie","B","{3}{B}","uncommon",0.15,"Game Night 2019","https://cards.scryfall.io/large/front/7/0/709bcbca-7238-4c31-8d9e-ec0d54d0b298.jpg?1576267280","https://cards.scryfall.io/art_crop/front/7/0/709bcbca-7238-4c31-8d9e-ec0d54d0b298.jpg?1576267280"
"715af497-ea9d-440e-90eb-5da45a61c1ac","Varina, Lich Queen","Legendary Creature — Zombie Wizard","BUW","{1}{W}{U}{B}","mythic",-1.0,"Commander 2018","https://cards.scryfall.io/large/front/7/1/715af497-ea9d-440e-90eb-5da45a61c1ac.jpg?1592710309","https://cards.scryfall.io/art_crop/front/7/1/715af497-ea9d-440e-90eb-5da45a61c1ac.jpg?1592710309"
"72122836-a2f3-4001-9f08-93a7bf011ab1","Spell Snare","Instant","U","{U}","uncommon",6.23,"Battlebond","https://cards.scryfall.io/large/front/7/2/72122836-a2f3-4001-9f08-93a7bf011ab1.jpg?1562917785","https://cards.scryfall.io/art_crop/front/7/2/72122836-a2f3-4001-9f08-93a7bf011ab1.jpg?1562917785"
"73e4a2ce-96d3-4a76-afe6-ef85146f5e5c","Emrakul, the World Anew","Legendary Creature — Eldrazi","Colorless","{12}","mythic",-1.0,"Modern Horizons 3","https://cards.scryfall.io/large/front/7/3/73e4a2ce-96d3-4a76-afe6-ef85146f5e5c.jpg?1717015516","https://cards.scryfall.io/art_crop/front/7/3/73e4a2ce-96d3-4a76-afe6-ef85146f5e5c.jpg?1717015516"
"74004b11-53dc-475c-8d29-cf52403456cf","Hold for Questioning","Enchantment — Aura","U","{3}{U}","uncommon",0.11,"Jumpstart 2022","https://cards.scryfall.io/large/front/7/4/74004b11-53dc-475c-8d29-cf52403456cf.jpg?1675644428","https://cards.scryfall.io/art_crop/front/7/4/74004b11-53dc-475c-8d29-cf52403456cf.jpg?1675644428"
"74fe1060-3069-46b7-9a84-916d87b30e6e","Sudden Impact","Instant","R","{3}{R}","uncommon",0.06,"Eighth Edition","https://cards.scryfall.io/large/front/7/4/74fe1060-3069-46b7-9a84-916d87b30e6e.jpg?1562918436","https://cards.scryfall.io/art_crop/front/7/4/74fe1060-3069-46b7-9a84-916d87b30e6e.jpg?1562918436"
"75d22bb3-824e-4699-8352-42392af307d1","Grizzly Fate","Sorcery","G","{3}{G}{G}","uncommon",0.28,"The List","https://cards.scryfall.io/large/front/7/5/75d22bb3-824e-4699-8352-42392af307d1.jpg?1599765732","https://cards.scryfall.io/art_crop/front/7/5/75d22bb3-824e-4699-8352-42392af307d1.jpg?1599765732"
"7809131c-747c-4c33-a3ca-13e573a92b66","Wild Elephant","Creature — Elephant","G","{3}{G}","common",0.11,"Mirage","https://cards.scryfall.io/large/front/7/8/7809131c-747c-4c33-a3ca-13e573a92b66.jpg?1587912718","https://cards.scryfall.io/art_crop/front/7/8/7809131c-747c-4c33-a3ca-13e573a92b66.jpg?1587912718"
"79b12c44-9537-4863-a678-c982e8714a5a","A-Ardent Dustspeaker","Creature — Minotaur Shaman","R","{2}{R}","uncommon",-1.0,"Strixhaven: School of Mages","https://cards.scryfall.io/large/front/7/9/79b12c44-9537-4863-a678-c982e8714a5a.jpg?1681158267","https://cards.scryfall.io/art_crop/front/7/9/79b12c44-9537-4863-a678-c982e8714a5a.jpg?1681158267"
"7a35be7b-d693-4433-9b13-8e019adc594e","Skyship Stalker","Creature — Cat Dragon","R","{2}{R}{R}","rare",0.16,"Kaladesh","https://cards.scryfall.io/large/front/7/a/7a35be7b-d693-4433-9b13-8e019adc594e.jpg?1576382210","https://cards.scryfall.io/art_crop/front/7/a/7a35be7b-d693-4433-9b13-8e019adc594e.jpg?1576382210"
"7a899b2d-825c-4929-a769-f4df70bf6a17","Hand of Justice","Creature — Avatar","W","{5}{W}","rare",1.22,"Fallen Empires","https://cards.scryfall.io/large/front/7/a/7a899b2d-825c-4929-a769-f4df70bf6a17.jpg?1562917639","https://cards.scryfall.io/art_crop/front/7/a/7a899b2d-825c-4929-a769-f4df70bf6a17.jpg?1562917639"
"7cb2b582-1c45-4bb2-8aef-59a71a5a9e94","Death-Greeter's Champion","Creature — Human Warrior","R","{2}{R}","rare",0.19,"March of the Machine Commander","https://cards.scryfall.io/large/front/7/c/7cb2b582-1c45-4bb2-8aef-59a71a5a9e94.jpg?1682207462","https://cards.scryfall.io/art_crop/front/7/c/7cb2b582-1c45-4bb2-8aef-59a71a5a9e94.jpg?1682207462"
"7cfc5264-e27e-4286-9feb-0dda0b074097","Crowned Ceratok","Creature — Rhino","G","{3}{G}","common",0.06,"Iconic Masters","https://cards.scryfall.io/large/front/7/c/7cfc5264-e27e-4286-9feb-0dda0b074097.jpg?1562850600","https://cards.scryfall.io/art_crop/front/7/c/7cfc5264-e27e-4286-9feb-0dda0b074097.jpg?1562850600"
"8190e77f-05ff-4b24-9b09-60bc8d6a6577","Talisman of Indulgence","Artifact","Colorless","{2}","uncommon",-1.0,"Fallout","https://cards.scryfall.io/large/front/8/1/8190e77f-05ff-4b24-9b09-60bc8d6a6577.jpg?1708745331","https://cards.scryfall.io/art_crop/front/8/1/8190e77f-05ff-4b24-9b09-60bc8d6a6577.jpg?1708745331"
"81c1fe5e-375a-4ca0-a0fe-a3b0d36b0e7c","Executioner's Capsule","Artifact","B","{B}","common",0.16,"Commander 2016","https://cards.scryfall.io/large/front/8/1/81c1fe5e-375a-4ca0-a0fe-a3b0d36b0e7c.jpg?1562407800","https://cards.scryfall.io/art_crop/front/8/1/81c1fe5e-375a-4ca0-a0fe-a3b0d36b0e7c.jpg?1562407800"
"8297592c-3036-434a-9dbb-5f0af804dd13","Coiling Stalker","Creature — Snake Ninja","G","{1}{G}","common",0.02,"Kamigawa: Neon Dynasty","https://cards.scryfall.io/large/front/8/2/8297592c-3036-434a-9dbb-5f0af804dd13.jpg?1654569633","https://cards.scryfall.io/art_crop/front/8/2/8297592c-3036-434a-9dbb-5f0af804dd13.jpg?1654569633"
"8330afd6-f43a-4955-a704-8f2b963cd0c6","Serum Powder","Artifact","Colorless","{3}","rare",1.62,"Darksteel","https://cards.scryfall.io/large/front/8/3/8330afd6-f43a-4955-a704-8f2b963cd0c6.jpg?1562637846","https://cards.scryfall.io/art_crop/front/8/3/8330afd6-f43a-4955-a704-8f2b963cd0c6.jpg?1562637846"
"8363a43f-d9aa-4196-bde5-2d98ad377e48","Guardian of Faith","Creature — Spirit Knight","W","{1}{W}{W}","rare",4.4,"Adventures in the Forgotten Realms","https://cards.scryfall.io/large/front/8/3/8363a43f-d9aa-4196-bde5-2d98ad377e48.jpg?1632361039","https://cards.scryfall.io/art_crop/front/8/3/8363a43f-d9aa-4196-bde5-2d98ad377e48.jpg?1632361039"
"8c05a4d9-37f9-42ac-8dca-b31480904b51","Elvish Mariner","Creature — Elf Pilot","U","{2}{U}","rare",2.54,"The Lord of the Rings: Tales of Middle-earth","https://cards.scryfall.io/large/front/8/c/8c05a4d9-37f9-42ac-8dca-b31480904b51.jpg?1687694646","https://cards.scryfall.io/art_crop/front/8/c/8c05a4d9-37f9-42ac-8dca-b31480904b51.jpg?1687694646"
"8cbf0743-6671-4064-8166-066908c3dd1d","Stonecloaker","Creature — Gargoyle","W","{2}{W}","uncommon",0.05,"The List","https://cards.scryfall.io/large/front/8/c/8cbf0743-6671-4064-8166-066908c3dd1d.jpg?1723441651","https://cards.scryfall.io/art_crop/front/8/c/8cbf0743-6671-4064-8166-066908c3dd1d.jpg?1723441651"
"8f54c6ce-fde4-47ef-a106-5c68b4397f99","Strefan, Maurer Progenitor","Legendary Creature — Vampire Noble","BR","{2}{B}{R}","mythic",0.5,"Crimson Vow Commander","https://cards.scryfall.io/large/front/8/f/8f54c6ce-fde4-47ef-a106-5c68b4397f99.jpg?1641600044","https://cards.scryfall.io/art_crop/front/8/f/8f54c6ce-fde4-47ef-a106-5c68b4397f99.jpg?1641600044"
"901591cb-a7e9-47c1-96ff-3de7b39b1055","Plague Rats","Creature — Rat","B","{2}{B}","common",0.15,"Fourth Edition","https://cards.scryfall.io/large/front/9/0/901591cb-a7e9-47c1-96ff-3de7b39b1055.jpg?1559601801","https://cards.scryfall.io/art_crop/front/9/0/901591cb-a7e9-47c1-96ff-3de7b39b1055.jpg?1559601801"
"90b0e0c8-3121-46ff-b202-9669c16c2df4","Fog Elemental","Creature — Elemental","U","{2}{U}","common",0.05,"Classic Sixth Edition","https://cards.scryfall.io/large/front/9/0/90b0e0c8-3121-46ff-b202-9669c16c2df4.jpg?1562820317","https://cards.scryfall.io/art_crop/front/9/0/90b0e0c8-3121-46ff-b202-9669c16c2df4.jpg?1562820317"
"92691507-b1ce-40d0-87e7-b79e81370511","Wrecking Crew","Creature — Human Warrior","R","{4}{R}","common",0.02,"Streets of New Capenna","https://cards.scryfall.io/large/front/9/2/92691507-b1ce-40d0-87e7-b79e81370511.jpg?1664411975","https://cards.scryfall.io/art_crop/front/9/2/92691507-b1ce-40d0-87e7-b79e81370511.jpg?1664411975"
"92ed87b4-bdf7-4539-91ec-07334e4917f0","Dawnhart Rejuvenator","Creature — Human Warlock","G","{3}{G}","common",0.04,"Innistrad: Double Feature","https://cards.scryfall.io/large/front/9/2/92ed87b4-bdf7-4539-91ec-07334e4917f0.jpg?1673160369","https://cards.scryfall.io/art_crop/front/9/2/92ed87b4-bdf7-4539-91ec-07334e4917f0.jpg?1673160369"
"986981fa-a744-45d8-81c7-68ef335c79e2","Grand Warlord Radha","Legendary Creature — Elf Warrior","GR","{2}{R}{G}","rare",0.69,"Dominaria","https://cards.scryfall.io/large/front/9/8/986981fa-a744-45d8-81c7-68ef335c79e2.jpg?1562739940","https://cards.scryfall.io/art_crop/front/9/8/986981fa-a744-45d8-81c7-68ef335c79e2.jpg?1562739940"
"9917cf32-0236-4463-9b1d-e8193754ff97","Howling Gale","Instant","G","{1}{G}","uncommon",0.19,"Odyssey","https://cards.scryfall.io/large/front/9/9/9917cf32-0236-4463-9b1d-e8193754ff97.jpg?1562923428","https://cards.scryfall.io/art_crop/front/9/9/9917cf32-0236-4463-9b1d-e8193754ff97.jpg?1562923428"
"9b4fa549-5eab-42df-b6a8-dd042d598191","Intangible Virtue","Enchantment","W","{1}{W}","uncommon",0.15,"Modern Masters 2017","https://cards.scryfall.io/large/front/9/b/9b4fa549-5eab-42df-b6a8-dd042d598191.jpg?1593812820","https://cards.scryfall.io/art_crop/front/9/b/9b4fa549-5eab-42df-b6a8-dd042d598191.jpg?1593812820"
"9c2561e6-c5b6-4c88-896e-67b33b8cf6bc","Professional Face-Breaker","Creature — Human Warrior","R","{2}{R}","rare",5.01,"Jumpstart 2022","https://cards.scryfall.io/large/front/9/c/9c2561e6-c5b6-4c88-896e-67b33b8cf6bc.jpg?1681517446","https://cards.scryfall.io/art_crop/front/9/c/9c2561e6-c5b6-4c88-896e-67b33b8cf6bc.jpg?1681517446"
"9c99b239-50d2-4393-80ec-94dbfaa6ae70","Unexplained Disappearance","Instant","U","{1}{U}","common",0.02,"Guilds of Ravnica","https://cards.scryfall.io/large/front/9/c/9c99b239-50d2-4393-80ec-94dbfaa6ae70.jpg?1572892855","https://cards.scryfall.io/art_crop/front/9/c/9c99b239-50d2-4393-80ec-94dbfaa6ae70.jpg?1572892855"
"9ea57442-b2ff-4799-b147-d683c0583236","Their Name Is Death","Sorcery","B","{3}{B}{B}{B}","rare",-1.0,"Warhammer 40,000 Commander","https://cards.scryfall.io/large/front/9/e/9ea57442-b2ff-4799-b147-d683c0583236.jpg?1674058920","https://cards.scryfall.io/art_crop/front/9/e/9ea57442-b2ff-4799-b147-d683c0583236.jpg?1674058920"
"9ec1f76f-f21d-4f06-8c02-be6745183348","Railway Brawler","Creature — Rhino Warrior","G","{3}{G}{G}","mythic",8.03,"Outlaws of Thunder Junction","https://cards.scryfall.io/large/front/9/e/9ec1f76f-f21d-4f06-8c02-be6745183348.jpg?1712355970","https://cards.scryfall.io/art_crop/front/9/e/9ec1f76f-f21d-4f06-8c02-be6745183348.jpg?1712355970"
"a84666a8-4ce5-46e7-9a39-f64a392515e7","Tukatongue Thallid","Creature — Fungus","G","{G}","common",0.09,"Conflux","https://cards.scryfall.io/large/front/a/8/a84666a8-4ce5-46e7-9a39-f64a392515e7.jpg?1562802924","https://cards.scryfall.io/art_crop/front/a/8/a84666a8-4ce5-46e7-9a39-f64a392515e7.jpg?1562802924"
"a8c4a4aa-9953-4865-b18e-8771ceffe33a","Grief","Creature — Elemental Incarnation","B","{2}{B}{B}","mythic",-1.0,"Special Guests","https://cards.scryfall.io/large/front/a/8/a8c4a4aa-9953-4865-b18e-8771ceffe33a.jpg?1729618866","https://cards.scryfall.io/art_crop/front/a/8/a8c4a4aa-9953-4865-b18e-8771ceffe33a.jpg?1729618866"
"aa6d7bbe-0418-4a58-a97b-13b50eb0b642","Anvilwrought Raptor","Artifact Creature — Bird","Colorless","{4}","common",0.04,"Core Set 2020","https://cards.scryfall.io/large/front/a/a/aa6d7bbe-0418-4a58-a97b-13b50eb0b642.jpg?1592517598","https://cards.scryfall.io/art_crop/front/a/a/aa6d7bbe-0418-4a58-a97b-13b50eb0b642.jpg?1592517598"
"aec3ad60-dc8a-42ba-bfee-3b9008b0c91d","Kazandu Tuskcaller","Creature — Human Shaman","G","{1}{G}","rare",0.42,"Commander Anthology","https://cards.scryfall.io/large/front/a/e/aec3ad60-dc8a-42ba-bfee-3b9008b0c91d.jpg?1592673040","https://cards.scryfall.io/art_crop/front/a/e/aec3ad60-dc8a-42ba-bfee-3b9008b0c91d.jpg?1592673040"
"aec48573-394a-4069-9500-671b188d100a","Krosan Grip","Instant","G","{2}{G}","rare",-1.0,"Friday Night Magic 2010","https://cards.scryfall.io/large/front/a/e/aec48573-394a-4069-9500-671b188d100a.jpg?1561929893","https://cards.scryfall.io/art_crop/front/a/e/aec48573-394a-4069-9500-671b188d100a.jpg?1561929893"
"af2a4558-db6e-41b2-aff6-b164d93282a0","Wall of Brambles","Creature — Plant Wall","G","{2}{G}","uncommon",15.89,"Limited Edition Alpha","https://cards.scryfall.io/large/front/a/f/af2a4558-db6e-41b2-aff6-b164d93282a0.jpg?1559591628","https://cards.scryfall.io/art_crop/front/a/f/af2a4558-db6e-41b2-aff6-b164d93282a0.jpg?1559591628"
"b1a32db7-e1a8-47d8-a708-987bcbf0636e","Keldon Warlord","Creature — Human Barbarian","R","{2}{R}{R}","uncommon",0.19,"Fourth Edition","https://cards.scryfall.io/large/front/b/1/b1a32db7-e1a8-47d8-a708-987bcbf0636e.jpg?1559603767","https://cards.scryfall.io/art_crop/front/b/1/b1a32db7-e1a8-47d8-a708-987bcbf0636e.jpg?1559603767"
"b2f81beb-4565-4cfe-80a2-456f3d44f461","Peri Brown","Legendary Creature — Human","W","{3}{W}","rare",0.1,"Doctor Who","https://cards.scryfall.io/large/front/b/2/b2f81beb-4565-4cfe-80a2-456f3d44f461.jpg?1696691792","https://cards.scryfall.io/art_crop/front/b/2/b2f81beb-4565-4cfe-80a2-456f3d44f461.jpg?1696691792"
"b3a35e69-145f-4cb0-b7f1-0eac8638afbe","Rishkar, Peema Renegade","Legendary Creature — Elf Druid","G","{2}{G}","rare",0.18,"Jumpstart","https://cards.scryfall.io/large/front/b/3/b3a35e69-145f-4cb0-b7f1-0eac8638afbe.jpg?1601080012","https://cards.scryfall.io/art_crop/front/b/3/b3a35e69-145f-4cb0-b7f1-0eac8638afbe.jpg?1601080012"
"b443504e-1b25-4565-bad7-2575826c7bb9","A-Alrund, God of the Cosmos // A-Hakka, Whispering Raven","Legendary Creature — God // Legendary Creature — Bird","UU","{3}{U}{U}","mythic",-1.0,"Kaldheim","https://cards.scryfall.io/large/front/b/4/b443504e-1b25-4565-bad7-2575826c7bb9.jpg?1682292303","https://cards.scryfall.io/art_crop/front/b/4/b443504e-1b25-4565-bad7-2575826c7bb9.jpg?1682292303"
"b5243fc3-176b-44a3-9f1a-ab069a08757a","Cantivore","Creature — Lhurgoyf","W","{1}{W}{W}","rare",0.46,"Odyssey","https://cards.scryfall.io/large/front/b/5/b5243fc3-176b-44a3-9f1a-ab069a08757a.jpg?1562928735","https://cards.scryfall.io/art_crop/front/b/5/b5243fc3-176b-44a3-9f1a-ab069a08757a.jpg?1562928735"
"b5e8db84-63b0-4635-b870-445ec0d87f5e","Conversion","Enchantment","W","{2}{W}{W}","uncommon",0.5,"Fourth Edition Foreign Black Border","https://cards.scryfall.io/large/front/b/5/b5e8db84-63b0-4635-b870-445ec0d87f5e.jpg?1557430875","https://cards.scryfall.io/art_crop/front/b/5/b5e8db84-63b0-4635-b870-445ec0d87f5e.jpg?1557430875"
"b74a47b5-100d-424f-8432-7668c50458f8","Desolation Giant","Creature — Giant","R","{2}{R}{R}","rare",0.15,"Commander Anthology Volume II","https://cards.scryfall.io/large/front/b/7/b74a47b5-100d-424f-8432-7668c50458f8.jpg?1562275568","https://cards.scryfall.io/art_crop/front/b/7/b74a47b5-100d-424f-8432-7668c50458f8.jpg?1562275568"
"ba04c102-e4c1-43a8-9c2f-d1f3c9bf5edf","Nethroi, Apex of Death","Legendary Creature — Cat Nightmare Beast","BGW","{2}{W}{B}{G}","mythic",1.56,"Ikoria: Lair of Behemoths","https://cards.scryfall.io/large/front/b/a/ba04c102-e4c1-43a8-9c2f-d1f3c9bf5edf.jpg?1604781196","https://cards.scryfall.io/art_crop/front/b/a/ba04c102-e4c1-43a8-9c2f-d1f3c9bf5edf.jpg?1604781196"
"ba347203-3792-41a3-8888-424ead494f21","Spellbinding Soprano","Creature — Human Bard","R","{1}{R}","rare",0.22,"New Capenna Commander","https://cards.scryfall.io/large/front/b/a/ba347203-3792-41a3-8888-424ead494f21.jpg?1673483221","https://cards.scryfall.io/art_crop/front/b/a/ba347203-3792-41a3-8888-424ead494f21.jpg?1673483221"
"ba9153ce-2acd-4170-a2ab-c8b660614152","Induce Despair","Instant","B","{2}{B}","common",0.09,"Duel Decks: Zendikar vs. Eldrazi","https://cards.scryfall.io/large/front/b/a/ba9153ce-2acd-4170-a2ab-c8b660614152.jpg?1593095773","https://cards.scryfall.io/art_crop/front/b/a/ba9153ce-2acd-4170-a2ab-c8b660614152.jpg?1593095773"
"babc879f-65f4-4de9-a3fc-57debcdb8298","Ember Hauler","Creature — Goblin","R","{R}{R}","uncommon",0.05,"Duel Decks: Merfolk vs. Goblins","https://cards.scryfall.io/large/front/b/a/babc879f-65f4-4de9-a3fc-57debcdb8298.jpg?1592764769","https://cards.scryfall.io/art_crop/front/b/a/babc879f-65f4-4de9-a3fc-57debcdb8298.jpg?1592764769"
"bccc50a9-2cd0-4ee0-b4c9-a181b6b0cc7f","Mobilization","Enchantment","W","{2}{W}","rare",1.24,"Tenth Edition","https://cards.scryfall.io/large/front/b/c/bccc50a9-2cd0-4ee0-b4c9-a181b6b0cc7f.jpg?1562554342","https://cards.scryfall.io/art_crop/front/b/c/bccc50a9-2cd0-4ee0-b4c9-a181b6b0cc7f.jpg?1562554342"
"bd6986a8-e258-46f0-88a9-8f84732f359e","Sea-Dasher Octopus","Creature — Octopus","U","{1}{U}{U}","rare",0.86,"Ikoria: Lair of Behemoths","https://cards.scryfall.io/large/front/b/d/bd6986a8-e258-46f0-88a9-8f84732f359e.jpg?1604781684","https://cards.scryfall.io/art_crop/front/b/d/bd6986a8-e258-46f0-88a9-8f84732f359e.jpg?1604781684"
"bdfe3eed-e415-4b28-8b4d-e50a19235683","Heavy Ballista","Creature — Human Soldier","W","{3}{W}","common",0.11,"Weatherlight","https://cards.scryfall.io/large/front/b/d/bdfe3eed-e415-4b28-8b4d-e50a19235683.jpg?1562803088","https://cards.scryfall.io/art_crop/front/b/d/bdfe3eed-e415-4b28-8b4d-e50a19235683.jpg?1562803088"
"c6667e4f-f0f6-4416-940a-d03bed75f5a7","Clown Car","Artifact — Vehicle","Colorless","{X}","rare",3.8,"Unfinity","https://cards.scryfall.io/large/front/c/6/c6667e4f-f0f6-4416-940a-d03bed75f5a7.jpg?1732663805","https://cards.scryfall.io/art_crop/front/c/6/c6667e4f-f0f6-4416-940a-d03bed75f5a7.jpg?1732663805"
"c775a7d1-a1f7-460b-b1f4-888006058e15","Aardwolf's Advantage","Sorcery","R","{2}{R}","common",0.02,"Unfinity","https://cards.scryfall.io/large/front/c/7/c775a7d1-a1f7-460b-b1f4-888006058e15.jpg?1679530271","https://cards.scryfall.io/art_crop/front/c/7/c775a7d1-a1f7-460b-b1f4-888006058e15.jpg?1679530271"
"c7b4c50b-fe76-430d-8f96-208f15ca4cd7","Oblivious Bookworm","Creature — Human Wizard","GU","{G}{U}","uncommon",0.06,"Duskmourn: House of Horror","https://cards.scryfall.io/large/front/c/7/c7b4c50b-fe76-430d-8f96-208f15ca4cd7.jpg?1726286707","https://cards.scryfall.io/art_crop/front/c/7/c7b4c50b-fe76-430d-8f96-208f15ca4cd7.jpg?1726286707"
"c9b35e70-9a0e-4204-9454-a1f2c58eb0e0","Loyal Retainers","Creature — Human Advisor","W","{2}{W}","mythic",1.91,"Commander Masters","https://cards.scryfall.io/large/front/c/9/c9b35e70-9a0e-4204-9454-a1f2c58eb0e0.jpg?1689995834","https://cards.scryfall.io/art_crop/front/c/9/c9b35e70-9a0e-4204-9454-a1f2c58eb0e0.jpg?1689995834"
"c9f1fc97-00c0-492b-a4a3-b179afc2f95d","Abaddon the Despoiler","Legendary Creature — Astartes Warrior","BRU","{2}{U}{B}{R}","mythic",-1.0,"Warhammer 40,000 Commander","https://cards.scryfall.io/large/front/c/9/c9f1fc97-00c0-492b-a4a3-b179afc2f95d.jpg?1674058353","https://cards.scryfall.io/art_crop/front/c/9/c9f1fc97-00c0-492b-a4a3-b179afc2f95d.jpg?1674058353"
"caefbac6-b2a0-4a70-a912-25173eafd7b3","Oneirophage","Creature — Squid Illusion","U","{3}{U}","uncommon",0.12,"Modern Horizons","https://cards.scryfall.io/large/front/c/a/caefbac6-b2a0-4a70-a912-25173eafd7b3.jpg?1562201432","https://cards.scryfall.io/art_crop/front/c/a/caefbac6-b2a0-4a70-a912-25173eafd7b3.jpg?1562201432"
"cbb1bc1f-b1d6-4639-b892-9b1ff6ed65fb","Summons of Saruman","Sorcery","RU","{X}{U}{R}","rare",0.18,"Tales of Middle-earth Commander","https://cards.scryfall.io/large/front/c/b/cbb1bc1f-b1d6-4639-b892-9b1ff6ed65fb.jpg?1686964363","https://cards.scryfall.io/art_crop/front/c/b/cbb1bc1f-b1d6-4639-b892-9b1ff6ed65fb.jpg?1686964363"
"d06d9d83-d1e6-4499-a1ac-6f865159f6b6","Stirring Bard","Creature — Dragon Bard","R","{3}{R}","common",0.02,"Commander Legends: Battle for Baldur's Gate","https://cards.scryfall.io/large/front/d/0/d06d9d83-d1e6-4499-a1ac-6f865159f6b6.jpg?1674136737","https://cards.scryfall.io/art_crop/front/d/0/d06d9d83-d1e6-4499-a1ac-6f865159f6b6.jpg?1674136737"
"d1f8eccc-551d-4109-866e-7285435ffd19","Anaba Shaman","Creature — Minotaur Shaman","R","{3}{R}","common",0.26,"Classic Sixth Edition","https://cards.scryfall.io/large/front/d/1/d1f8eccc-551d-4109-866e-7285435ffd19.jpg?1562823091","https://cards.scryfall.io/art_crop/front/d/1/d1f8eccc-551d-4109-866e-7285435ffd19.jpg?1562823091"
"d4afb641-b074-4388-a154-77f4de84052c","Bag of Tricks","Artifact","G","{1}{G}","rare",0.26,"Forgotten Realms Commander","https://cards.scryfall.io/large/front/d/4/d4afb641-b074-4388-a154-77f4de84052c.jpg?1632098910","https://cards.scryfall.io/art_crop/front/d/4/d4afb641-b074-4388-a154-77f4de84052c.jpg?1632098910"
"d644eb6e-cc49-4834-bc2c-53f6a4ceb451","Mortus Strider","Creature — Skeleton","BU","{1}{U}{B}","common",0.03,"Gatecrash","https://cards.scryfall.io/large/front/d/6/d644eb6e-cc49-4834-bc2c-53f6a4ceb451.jpg?1561848168","https://cards.scryfall.io/art_crop/front/d/6/d644eb6e-cc49-4834-bc2c-53f6a4ceb451.jpg?1561848168"
"d66b6951-50a0-4b30-aa73-d4ce1380ff49","Mountain","Basic Land — Mountain","Colorless","","common",0.09,"Duel Decks: Mind vs. Might","https://cards.scryfall.io/large/front/d/6/d66b6951-50a0-4b30-aa73-d4ce1380ff49.jpg?1592761692","https://cards.scryfall.io/art_crop/front/d/6/d66b6951-50a0-4b30-aa73-d4ce1380ff49.jpg?1592761692"
"d88c61cb-dbf9-46c3-8795-8896ba1208d5","Rotting Regisaur","Creature — Zombie Dinosaur","B","{2}{B}","rare",1.68,"Core Set 2020","https://cards.scryfall.io/large/front/d/8/d88c61cb-dbf9-46c3-8795-8896ba1208d5.jpg?1592516753","https://cards.scryfall.io/art_crop/front/d/8/d88c61cb-dbf9-46c3-8795-8896ba1208d5.jpg?1592516753"
"d8f6685d-eb5d-403f-b89a-b8b67900b602","Strands of Night","Enchantment","B","{2}{B}{B}","uncommon",0.35,"Seventh Edition","https://cards.scryfall.io/large/front/d/8/d8f6685d-eb5d-403f-b89a-b8b67900b602.jpg?1562248932","https://cards.scryfall.io/art_crop/front/d/8/d8f6685d-eb5d-403f-b89a-b8b67900b602.jpg?1562248932"
"dae98fcd-434c-4e58-b891-2a733adac7f6","Vorthos, Steward of Myth","Legendary Creature — Human Gamer","R","{1}{R}","mythic",0.19,"Unfinity","https://cards.scryfall.io/large/front/d/a/dae98fcd-434c-4e58-b891-2a733adac7f6.jpg?1673916539","https://cards.scryfall.io/art_crop/front/d/a/dae98fcd-434c-4e58-b891-2a733adac7f6.jpg?1673916539"
"db1baa0c-0ff9-4a86-85b4-5eb87d0a1ed2","Banquet Guests","Creature — Halfling Citizen","GW","{X}{G}{W}","rare",0.93,"Tales of Middle-earth Commander","https://cards.scryfall.io/large/front/d/b/db1baa0c-0ff9-4a86-85b4-5eb87d0a1ed2.jpg?1686964947","https://cards.scryfall.io/art_crop/front/d/b/db1baa0c-0ff9-4a86-85b4-5eb87d0a1ed2.jpg?1686964947"
"dca8dfb9-fda0-4eb8-a337-406689ece41a","Battle Rampart","Creature — Wall","R","{2}{R}","common",0.01,"Battlebond","https://cards.scryfall.io/large/front/d/c/dca8dfb9-fda0-4eb8-a337-406689ece41a.jpg?1562939356","https://cards.scryfall.io/art_crop/front/d/c/dca8dfb9-fda0-4eb8-a337-406689ece41a.jpg?1562939356"
"df2f81dc-2346-4bd9-aa3b-aaa2d3873415","A-Alrund's Epiphany","Sorcery","U","{5}{U}{U}","mythic",-1.0,"Kaldheim","https://cards.scryfall.io/large/front/d/f/df2f81dc-2346-4bd9-aa3b-aaa2d3873415.jpg?1681158261","https://cards.scryfall.io/art_crop/front/d/f/df2f81dc-2346-4bd9-aa3b-aaa2d3873415.jpg?1681158261"
"e1ab1ef1-f4e8-461e-801a-a498e4946fa1","Sram, Senior Edificer","Legendary Creature — Dwarf Advisor","W","{1}{W}","rare",1.87,"Commander Legends","https://cards.scryfall.io/large/front/e/1/e1ab1ef1-f4e8-461e-801a-a498e4946fa1.jpg?1626162178","https://cards.scryfall.io/art_crop/front/e/1/e1ab1ef1-f4e8-461e-801a-a498e4946fa1.jpg?1626162178"
"e4dd8d84-2bbc-4068-9b93-0250b793b622","Mystic Confluence","Instant","U","{3}{U}{U}","rare",-1.0,"Commander Masters","https://cards.scryfall.io/large/front/e/4/e4dd8d84-2bbc-4068-9b93-0250b793b622.jpg?1690000608","https://cards.scryfall.io/art_crop/front/e/4/e4dd8d84-2bbc-4068-9b93-0250b793b622.jpg?1690000608"
"e574e522-2632-4cd4-8545-c582ac3b641f","Lin Sivvi, Defiant Hero","Legendary Creature — Human Rebel","W","{1}{W}{W}","rare",2.51,"Nemesis","https://cards.scryfall.io/large/front/e/5/e574e522-2632-4cd4-8545-c582ac3b641f.jpg?1562632572","https://cards.scryfall.io/art_crop/front/e/5/e574e522-2632-4cd4-8545-c582ac3b641f.jpg?1562632572"
"e658939a-fa5a-4497-b35c-b6fbfa3f6882","Gainsay","Instant","U","{1}{U}","uncommon",0.06,"Theros","https://cards.scryfall.io/large/front/e/6/e658939a-fa5a-4497-b35c-b6fbfa3f6882.jpg?1562835545","https://cards.scryfall.io/art_crop/front/e/6/e658939a-fa5a-4497-b35c-b6fbfa3f6882.jpg?1562835545"
"e882c9f9-bf30-46b6-bedc-379d2c80e5cb","+2 Mace","Artifact — Equipment","W","{1}{W}","common",0.05,"Adventures in the Forgotten Realms","https://cards.scryfall.io/large/front/e/8/e882c9f9-bf30-46b6-bedc-379d2c80e5cb.jpg?1627701221","https://cards.scryfall.io/art_crop/front/e/8/e882c9f9-bf30-46b6-bedc-379d2c80e5cb.jpg?1627701221"
"ea1d684e-c4dd-481b-856e-8331d4f64be2","A-Asari Captain","Creature — Human Samurai","RW","{1}{R}{W}","uncommon",-1.0,"Kamigawa: Neon Dynasty","https://cards.scryfall.io/large/front/e/a/ea1d684e-c4dd-481b-856e-8331d4f64be2.jpg?1681158273","https://cards.scryfall.io/art_crop/front/e/a/ea1d684e-c4dd-481b-856e-8331d4f64be2.jpg?1681158273"
"eb363654-2004-4db8-bbd2-5b121da4f2a0","A-Acererak the Archlich","Legendary Creature — Zombie Wizard","B","{2}{B}","mythic",-1.0,"Adventures in the Forgotten Realms","https://cards.scryfall.io/large/front/e/b/eb363654-2004-4db8-bbd2-5b121da4f2a0.jpg?1681158256","https://cards.scryfall.io/art_crop/front/e/b/eb363654-2004-4db8-bbd2-5b121da4f2a0.jpg?1681158256"
"edf13945-1abe-4b61-ac87-68ab949c0a10","Elvish Champion","Creature — Elf","G","{1}{G}{G}","rare",-1.0,"Salvat 2005","https://cards.scryfall.io/large/front/e/d/edf13945-1abe-4b61-ac87-68ab949c0a10.jpg?1562084712","https://cards.scryfall.io/art_crop/front/e/d/edf13945-1abe-4b61-ac87-68ab949c0a10.jpg?1562084712"
"f07c4821-c964-405f-a5bb-a25293e4b2d7","Wrath of God","Sorcery","W","{2}{W}{W}","rare",59.98,"Fourth Edition Foreign Black Border","https://cards.scryfall.io/large/front/f/0/f07c4821-c964-405f-a5bb-a25293e4b2d7.jpg?1557431142","https://cards.scryfall.io/art_crop/front/f/0/f07c4821-c964-405f-a5bb-a25293e4b2d7.jpg?1557431142"
"f34c9b03-8802-40b7-9b78-17885f55b43f","Mystery Key","Artifact — Equipment","U","{1}{U}","uncommon",0.07,"The List","https://cards.scryfall.io/large/front/f/3/f34c9b03-8802-40b7-9b78-17885f55b43f.jpg?1706295712","https://cards.scryfall.io/art_crop/front/f/3/f34c9b03-8802-40b7-9b78-17885f55b43f.jpg?1706295712"
"f52471b8-c962-496e-8634-127337eede01","Aragorn, the Uniter","Legendary Creature — Human Noble","GRUW","{R}{G}{W}{U}","mythic",8.68,"The Lord of the Rings: Tales of Middle-earth","https://cards.scryfall.io/large/front/f/5/f52471b8-c962-496e-8634-127337eede01.jpg?1686972500","https://cards.scryfall.io/art_crop/front/f/5/f52471b8-c962-496e-8634-127337eede01.jpg?1686972500"
"f5e13dad-e326-4b8e-91c7-dc0d6c3bf51d","Captain Storm, Cosmium Raider","Legendary Creature — Human Pirate","RU","{U}{R}","uncommon",0.05,"The Lost Caverns of Ixalan","https://cards.scryfall.io/large/front/f/5/f5e13dad-e326-4b8e-91c7-dc0d6c3bf51d.jpg?1699044767","https://cards.scryfall.io/art_crop/front/f/5/f5e13dad-e326-4b8e-91c7-dc0d6c3bf51d.jpg?1699044767"
"f76514aa-3cc1-4d5f-ba33-d933a36920a4","Helm of Kaldra","Legendary Artifact — Equipment","Colorless","{3}","rare",3.38,"Fifth Dawn","https://cards.scryfall.io/large/front/f/7/f76514aa-3cc1-4d5f-ba33-d933a36920a4.jpg?1562880773","https://cards.scryfall.io/art_crop/front/f/7/f76514aa-3cc1-4d5f-ba33-d933a36920a4.jpg?1562880773"
"f826da19-e1bd-4494-94c0-1fbea79f4d46","Rise from the Grave","Sorcery","B","{4}{B}","uncommon",0.13,"Duel Decks Anthology: Garruk vs. Liliana","https://cards.scryfall.io/large/front/f/8/f826da19-e1bd-4494-94c0-1fbea79f4d46.jpg?1562953806","https://cards.scryfall.io/art_crop/front/f/8/f826da19-e1bd-4494-94c0-1fbea79f4d46.jpg?1562953806"
"f9f3ecff-2d67-4676-8706-9191d67215fc","Overlord of the Hauntwoods","Enchantment Creature — Avatar Horror","G","{3}{G}{G}","mythic",-1.0,"Duskmourn: House of Horror","https://cards.scryfall.io/large/front/f/9/f9f3ecff-2d67-4676-8706-9191d67215fc.jpg?1726287406","https://cards.scryfall.io/art_crop/front/f/9/f9f3ecff-2d67-4676-8706-9191d67215fc.jpg?1726287406"
"faf5e4b8-3bb9-4a4c-b8fa-2cae5372ba24","Vedalken Entrancer","Creature — Vedalken Wizard","U","{3}{U}","common",0.03,"Ravnica: City of Guilds","https://cards.scryfall.io/large/front/f/a/faf5e4b8-3bb9-4a4c-b8fa-2cae5372ba24.jpg?1598914614","https://cards.scryfall.io/art_crop/front/f/a/faf5e4b8-3bb9-4a4c-b8fa-2cae5372ba24.jpg?1598914614"
"fbd48dac-0a1a-49c4-8daf-11972b990454","Encroach","Sorcery","B","{B}","uncommon",0.35,"Urza's Destiny","https://cards.scryfall.io/large/front/f/b/fbd48dac-0a1a-49c4-8daf-11972b990454.jpg?1595573354","https://cards.scryfall.io/art_crop/front/f/b/fbd48dac-0a1a-49c4-8daf-11972b990454.jpg?1595573354"
"fc1dfbfc-90e0-48fa-98f1-39929f823619","Envoy of the Ancestors","Creature — Human Cleric","W","{2}{W}","uncommon",0.2,"Modern Horizons 3","https://cards.scryfall.io/large/front/f/c/fc1dfbfc-90e0-48fa-98f1-39929f823619.jpg?1717011383","https://cards.scryfall.io/art_crop/front/f/c/fc1dfbfc-90e0-48fa-98f1-39929f823619.jpg?1717011383"
"fd4c1ff9-fbbc-4e72-b695-58876a43ec99","Rampant Growth","Sorcery","G","{1}{G}","rare",-1.0,"Wizards Play Network 2023","https://cards.scryfall.io/large/front/f/d/fd4c1ff9-fbbc-4e72-b695-58876a43ec99.jpg?1733148405","https://cards.scryfall.io/art_crop/front/f/d/fd4c1ff9-fbbc-4e72-b695-58876a43ec99.jpg?1733148405"
